subj,rel,obj,valid,transitivity
Metric,usesMetric,Metric,y,y
Metric,usesMethod,Method,y,y
Metric,usesTask,Task,y,y
Metric,usesOtherEntity,OtherEntity,y,y
Metric,usesMaterial,Material,y,y
Method,usesMetric,Metric,y,y
Method,usesMethod,Method,y,y
Method,usesTask,Task,y,y
Method,usesOtherEntity,OtherEntity,y,y
Method,usesMaterial,Material,y,y
Task,usesMetric,Metric,y,y
Task,usesMethod,Method,y,y
Task,usesTask,Task,y,y
Task,usesOtherEntity,OtherEntity,y,y
Task,usesMaterial,Material,y,y
OtherEntity,usesMetric,Metric,y,y
OtherEntity,usesMethod,Method,y,y
OtherEntity,usesTask,Task,n,n
OtherEntity,usesOtherEntity,OtherEntity,y,y
OtherEntity,usesMaterial,Material,y,y
Material,usesMetric,Metric,n,
Material,usesMethod,Method,n,
Material,usesTask,Task,n,
Material,usesOtherEntity,OtherEntity,n,
Material,usesMaterial,Material,n,
Metric,producesMetric,Metric,n,
Metric,producesMethod,Method,n,
Metric,producesTask,Task,n,
Metric,producesOtherEntity,OtherEntity,n,
Metric,producesMaterial,Material,n,
Method,producesMetric,Metric,y,n
Method,producesMethod,Method,y,
Method,producesTask,Task,y,
Method,producesOtherEntity,OtherEntity,y,y
Method,producesMaterial,Material,y,n
Task,producesMetric,Metric,y,n
Task,producesMethod,Method,y,n
Task,producesTask,Task,y,y
Task,producesOtherEntity,OtherEntity,y,y
Task,producesMaterial,Material,y,n
OtherEntity,producesMetric,Metric,y,n
OtherEntity,producesMethod,Method,y,y
OtherEntity,producesTask,Task,n,n
OtherEntity,producesOtherEntity,OtherEntity,y,y
OtherEntity,producesMaterial,Material,y,n
Material,producesMetric,Metric,n,
Material,producesMethod,Method,n,
Material,producesTask,Task,n,
Material,producesOtherEntity,OtherEntity,n,
Material,producesMaterial,Material,n,
Metric,providesMetric,Metric,n,
Metric,providesMethod,Method,n,
Metric,providesTask,Task,n,
Metric,providesOtherEntity,OtherEntity,y,y
Metric,providesMaterial,Material,n,
Method,providesMetric,Metric,y,n
Method,providesMethod,Method,y,y
Method,providesTask,Task,y,y
Method,providesOtherEntity,OtherEntity,y,y
Method,providesMaterial,Material,y,n
Task,providesMetric,Metric,y,n
Task,providesMethod,Method,y,y
Task,providesTask,Task,y,y
Task,providesOtherEntity,OtherEntity,y,y
Task,providesMaterial,Material,y,n
OtherEntity,providesMetric,Metric,y,n
OtherEntity,providesMethod,Method,y,y
OtherEntity,providesTask,Task,n,n
OtherEntity,providesOtherEntity,OtherEntity,y,y
OtherEntity,providesMaterial,Material,y,n
Material,providesMetric,Metric,n,
Material,providesMethod,Method,n,
Material,providesTask,Task,n,
Material,providesOtherEntity,OtherEntity,n,
Material,providesMaterial,Material,n,
Metric,supportsMetric,Metric,n,
Metric,supportsMethod,Method,y,n
Metric,supportsTask,Task,y,n
Metric,supportsOtherEntity,OtherEntity,y,n
Metric,supportsMaterial,Material,n,
Method,supportsMetric,Metric,y,n
Method,supportsMethod,Method,y,n
Method,supportsTask,Task,y,n
Method,supportsOtherEntity,OtherEntity,y,n
Method,supportsMaterial,Material,y,
Task,supportsMetric,Metric,y,
Task,supportsMethod,Method,y,n
Task,supportsTask,Task,y,n
Task,supportsOtherEntity,OtherEntity,y,n
Task,supportsMaterial,Material,y,
OtherEntity,supportsMetric,Metric,n,
OtherEntity,supportsMethod,Method,y,n
OtherEntity,supportsTask,Task,y,n
OtherEntity,supportsOtherEntity,OtherEntity,y,n
OtherEntity,supportsMaterial,Material,n,
Material,supportsMetric,Metric,n,
Material,supportsMethod,Method,y,n
Material,supportsTask,Task,y,n
Material,supportsOtherEntity,OtherEntity,y,n
Material,supportsMaterial,Material,n,
Metric,skos:broader/is/hyponym-of,Metric,y,y
Metric,skos:broader/is/hyponym-of,Method,n,
Metric,skos:broader/is/hyponym-of,Task,n,
Metric,skos:broader/is/hyponym-of,OtherEntity,n,
Metric,skos:broader/is/hyponym-of,Material,n,
Method,skos:broader/is/hyponym-of,Metric,n,
Method,skos:broader/is/hyponym-of,Method,y,y
Method,skos:broader/is/hyponym-of,Task,n,
Method,skos:broader/is/hyponym-of,OtherEntity,n,
Method,skos:broader/is/hyponym-of,Material,n,
Task,skos:broader/is/hyponym-of,Metric,n,
Task,skos:broader/is/hyponym-of,Method,n,
Task,skos:broader/is/hyponym-of,Task,y,y
Task,skos:broader/is/hyponym-of,OtherEntity,n,
Task,skos:broader/is/hyponym-of,Material,n,
OtherEntity,skos:broader/is/hyponym-of,Metric,n,
OtherEntity,skos:broader/is/hyponym-of,Method,n,
OtherEntity,skos:broader/is/hyponym-of,Task,n,
OtherEntity,skos:broader/is/hyponym-of,OtherEntity,y,y
OtherEntity,skos:broader/is/hyponym-of,Material,n,
Material,skos:broader/is/hyponym-of,Metric,n,
Material,skos:broader/is/hyponym-of,Method,n,
Material,skos:broader/is/hyponym-of,Task,n,
Material,skos:broader/is/hyponym-of,OtherEntity,n,
Material,skos:broader/is/hyponym-of,Material,y,y
Metric,proposesMetric,Metric,n,
Metric,proposesMethod,Method,n,
Metric,proposesTask,Task,n,
Metric,proposesOtherEntity,OtherEntity,n,
Metric,proposesMaterial,Material,n,
Method,proposesMetric,Metric,y,n
Method,proposesMethod,Method,y,n
Method,proposesTask,Task,y,n
Method,proposesOtherEntity,OtherEntity,y,n
Method,proposesMaterial,Material,y,n
Task,proposesMetric,Metric,y,n
Task,proposesMethod,Method,y,n
Task,proposesTask,Task,y,n
Task,proposesOtherEntity,OtherEntity,y,n
Task,proposesMaterial,Material,y,n
OtherEntity,proposesMetric,Metric,y,n
OtherEntity,proposesMethod,Method,y,n
OtherEntity,proposesTask,Task,y,n
OtherEntity,proposesOtherEntity,OtherEntity,y,n
OtherEntity,proposesMaterial,Material,y,n
Material,proposesMetric,Metric,n,
Material,proposesMethod,Method,n,
Material,proposesTask,Task,n,
Material,proposesOtherEntity,OtherEntity,n,
Material,proposesMaterial,Material,n,
Metric,based-onMetric,Metric,y,y
Metric,based-onMethod,Method,y,y
Metric,based-onTask,Task,y,y
Metric,based-onOtherEntity,OtherEntity,y,y
Metric,based-onMaterial,Material,y,y
Method,based-onMetric,Metric,y,y
Method,based-onMethod,Method,y,y
Method,based-onTask,Task,y,y
Method,based-onOtherEntity,OtherEntity,y,y
Method,based-onMaterial,Material,y,y
Task,based-onMetric,Metric,y,y
Task,based-onMethod,Method,y,y
Task,based-onTask,Task,y,y
Task,based-onOtherEntity,OtherEntity,y,y
Task,based-onMaterial,Material,y,y
OtherEntity,based-onMetric,Metric,y,y
OtherEntity,based-onMethod,Method,y,y
OtherEntity,based-onTask,Task,y,y
OtherEntity,based-onOtherEntity,OtherEntity,y,y
OtherEntity,based-onMaterial,Material,y,y
Material,based-onMetric,Metric,y,y
Material,based-onMethod,Method,y,y
Material,based-onTask,Task,y,y
Material,based-onOtherEntity,OtherEntity,y,y
Material,based-onMaterial,Material,y,y
Metric,improvesMetric,Metric,y,n
Metric,improvesMethod,Method,y,n
Metric,improvesTask,Task,y,n
Metric,improvesOtherEntity,OtherEntity,y,n
Metric,improvesMaterial,Material,y,n
Method,improvesMetric,Metric,y,n
Method,improvesMethod,Method,y,n
Method,improvesTask,Task,y,n
Method,improvesOtherEntity,OtherEntity,y,n
Method,improvesMaterial,Material,y,n
Task,improvesMetric,Metric,y,n
Task,improvesMethod,Method,y,n
Task,improvesTask,Task,y,n
Task,improvesOtherEntity,OtherEntity,y,n
Task,improvesMaterial,Material,y,n
OtherEntity,improvesMetric,Metric,y,n
OtherEntity,improvesMethod,Method,y,n
OtherEntity,improvesTask,Task,n,n
OtherEntity,improvesOtherEntity,OtherEntity,y,n
OtherEntity,improvesMaterial,Material,y,n
Material,improvesMetric,Metric,n,
Material,improvesMethod,Method,y,
Material,improvesTask,Task,y,
Material,improvesOtherEntity,OtherEntity,n,
Material,improvesMaterial,Material,n,
Metric,includesMetric,Metric,n,
Metric,includesMethod,Method,n,
Metric,includesTask,Task,n,
Metric,includesOtherEntity,OtherEntity,n,
Metric,includesMaterial,Material,n,
Method,includesMetric,Metric,y,n
Method,includesMethod,Method,y,y
Method,includesTask,Task,y,y
Method,includesOtherEntity,OtherEntity,y,y
Method,includesMaterial,Material,y,y
Task,includesMetric,Metric,y,n
Task,includesMethod,Method,y,y
Task,includesTask,Task,y,y
Task,includesOtherEntity,OtherEntity,y,y
Task,includesMaterial,Material,y,
OtherEntity,includesMetric,Metric,y,n
OtherEntity,includesMethod,Method,y,y
OtherEntity,includesTask,Task,n,n
OtherEntity,includesOtherEntity,OtherEntity,y,y
OtherEntity,includesMaterial,Material,y,y
Material,includesMetric,Metric,y,n
Material,includesMethod,Method,n,
Material,includesTask,Task,n,
Material,includesOtherEntity,OtherEntity,y,y
Material,includesMaterial,Material,y,y
Metric,identifiesMetric,Metric,n,
Metric,identifiesMethod,Method,n,
Metric,identifiesTask,Task,n,
Metric,identifiesOtherEntity,OtherEntity,n,
Metric,identifiesMaterial,Material,n,
Method,identifiesMetric,Metric,y,n
Method,identifiesMethod,Method,y,n
Method,identifiesTask,Task,y,n
Method,identifiesOtherEntity,OtherEntity,y,n
Method,identifiesMaterial,Material,y,n
Task,identifiesMetric,Metric,y,n
Task,identifiesMethod,Method,y,n
Task,identifiesTask,Task,y,n
Task,identifiesOtherEntity,OtherEntity,y,n
Task,identifiesMaterial,Material,y,n
OtherEntity,identifiesMetric,Metric,y,n
OtherEntity,identifiesMethod,Method,y,n
OtherEntity,identifiesTask,Task,y,n
OtherEntity,identifiesOtherEntity,OtherEntity,y,n
OtherEntity,identifiesMaterial,Material,y,n
Material,identifiesMetric,Metric,n,
Material,identifiesMethod,Method,n,
Material,identifiesTask,Task,n,
Material,identifiesOtherEntity,OtherEntity,n,
Material,identifiesMaterial,Material,n,
Metric,acquiresMetric,Metric,n,
Metric,acquiresMethod,Method,n,
Metric,acquiresTask,Task,n,
Metric,acquiresOtherEntity,OtherEntity,n,
Metric,acquiresMaterial,Material,n,
Method,acquiresMetric,Metric,y,n
Method,acquiresMethod,Method,y,y
Method,acquiresTask,Task,y,
Method,acquiresOtherEntity,OtherEntity,y,y
Method,acquiresMaterial,Material,y,n
Task,acquiresMetric,Metric,y,n
Task,acquiresMethod,Method,y,y
Task,acquiresTask,Task,y,y
Task,acquiresOtherEntity,OtherEntity,y,y
Task,acquiresMaterial,Material,y,n
OtherEntity,acquiresMetric,Metric,y,n
OtherEntity,acquiresMethod,Method,y,y
OtherEntity,acquiresTask,Task,n,n
OtherEntity,acquiresOtherEntity,OtherEntity,y,y
OtherEntity,acquiresMaterial,Material,y,n
Material,acquiresMetric,Metric,n,
Material,acquiresMethod,Method,n,
Material,acquiresTask,Task,n,
Material,acquiresOtherEntity,OtherEntity,n,
Material,acquiresMaterial,Material,n,
Metric,adaptsMetric,Metric,n,
Metric,adaptsMethod,Method,n,
Metric,adaptsTask,Task,n,
Metric,adaptsOtherEntity,OtherEntity,n,
Metric,adaptsMaterial,Material,n,
Method,adaptsMetric,Metric,y,n
Method,adaptsMethod,Method,y,y
Method,adaptsTask,Task,y,y
Method,adaptsOtherEntity,OtherEntity,y,y
Method,adaptsMaterial,Material,y,n
Task,adaptsMetric,Metric,y,n
Task,adaptsMethod,Method,y,y
Task,adaptsTask,Task,y,y
Task,adaptsOtherEntity,OtherEntity,y,y
Task,adaptsMaterial,Material,y,n
OtherEntity,adaptsMetric,Metric,y,n
OtherEntity,adaptsMethod,Method,y,y
OtherEntity,adaptsTask,Task,y,y
OtherEntity,adaptsOtherEntity,OtherEntity,y,y
OtherEntity,adaptsMaterial,Material,y,n
Material,adaptsMetric,Metric,n,
Material,adaptsMethod,Method,n,
Material,adaptsTask,Task,n,
Material,adaptsOtherEntity,OtherEntity,n,
Material,adaptsMaterial,Material,n,
Metric,analyzesMetric,Metric,y,
Metric,analyzesMethod,Method,y,
Metric,analyzesTask,Task,y,
Metric,analyzesOtherEntity,OtherEntity,y,
Metric,analyzesMaterial,Material,y,
Method,analyzesMetric,Metric,y,n
Method,analyzesMethod,Method,y,y
Method,analyzesTask,Task,y,y
Method,analyzesOtherEntity,OtherEntity,y,y
Method,analyzesMaterial,Material,y,n
Task,analyzesMetric,Metric,y,n
Task,analyzesMethod,Method,y,y
Task,analyzesTask,Task,y,y
Task,analyzesOtherEntity,OtherEntity,y,y
Task,analyzesMaterial,Material,y,n
OtherEntity,analyzesMetric,Metric,y,n
OtherEntity,analyzesMethod,Method,y,y
OtherEntity,analyzesTask,Task,n,n
OtherEntity,analyzesOtherEntity,OtherEntity,y,y
OtherEntity,analyzesMaterial,Material,y,n
Material,analyzesMetric,Metric,n,
Material,analyzesMethod,Method,n,
Material,analyzesTask,Task,n,
Material,analyzesOtherEntity,OtherEntity,n,
Material,analyzesMaterial,Material,n,
Metric,linksMetric,Metric,n,
Metric,linksMethod,Method,n,
Metric,linksTask,Task,n,
Metric,linksOtherEntity,OtherEntity,n,
Metric,linksMaterial,Material,y,
Method,linksMetric,Metric,n,
Method,linksMethod,Method,y,y
Method,linksTask,Task,y,y
Method,linksOtherEntity,OtherEntity,y,y
Method,linksMaterial,Material,y,
Task,linksMetric,Metric,n,
Task,linksMethod,Method,y,y
Task,linksTask,Task,y,y
Task,linksOtherEntity,OtherEntity,y,y
Task,linksMaterial,Material,y,
OtherEntity,linksMetric,Metric,n,
OtherEntity,linksMethod,Method,y,y
OtherEntity,linksTask,Task,y,y
OtherEntity,linksOtherEntity,OtherEntity,y,y
OtherEntity,linksMaterial,Material,n,
Material,linksMetric,Metric,n,
Material,linksMethod,Method,n,
Material,linksTask,Task,n,
Material,linksOtherEntity,OtherEntity,n,
Material,linksMaterial,Material,n,
Metric,matchesMetric,Metric,n,
Metric,matchesMethod,Method,n,
Metric,matchesTask,Task,n,
Metric,matchesOtherEntity,OtherEntity,n,
Metric,matchesMaterial,Material,n,
Method,matchesMetric,Metric,y,n
Method,matchesMethod,Method,y,
Method,matchesTask,Task,y,
Method,matchesOtherEntity,OtherEntity,n,
Method,matchesMaterial,Material,n,
Task,matchesMetric,Metric,n,
Task,matchesMethod,Method,y,
Task,matchesTask,Task,y,
Task,matchesOtherEntity,OtherEntity,n,
Task,matchesMaterial,Material,n,
OtherEntity,matchesMetric,Metric,n,
OtherEntity,matchesMethod,Method,n,
OtherEntity,matchesTask,Task,n,
OtherEntity,matchesOtherEntity,OtherEntity,n,
OtherEntity,matchesMaterial,Material,n,
Material,matchesMetric,Metric,n,
Material,matchesMethod,Method,n,
Material,matchesTask,Task,n,
Material,matchesOtherEntity,OtherEntity,n,
Material,matchesMaterial,Material,n,
Metric,managesMetric,Metric,n,
Metric,managesMethod,Method,n,
Metric,managesTask,Task,n,
Metric,managesOtherEntity,OtherEntity,n,
Metric,managesMaterial,Material,n,
Method,managesMetric,Metric,y,n
Method,managesMethod,Method,y,y
Method,managesTask,Task,y,y
Method,managesOtherEntity,OtherEntity,y,y
Method,managesMaterial,Material,y,n
Task,managesMetric,Metric,y,n
Task,managesMethod,Method,y,y
Task,managesTask,Task,y,y
Task,managesOtherEntity,OtherEntity,y,y
Task,managesMaterial,Material,y,n
OtherEntity,managesMetric,Metric,n,
OtherEntity,managesMethod,Method,n,
OtherEntity,managesTask,Task,n,
OtherEntity,managesOtherEntity,OtherEntity,n,
OtherEntity,managesMaterial,Material,n,
Material,managesMetric,Metric,n,
Material,managesMethod,Method,n,
Material,managesTask,Task,n,
Material,managesOtherEntity,OtherEntity,n,
Material,managesMaterial,Material,n,
Metric,interacts-withMetric,Metric,y,
Metric,interacts-withMethod,Method,y,
Metric,interacts-withTask,Task,y,
Metric,interacts-withOtherEntity,OtherEntity,y,
Metric,interacts-withMaterial,Material,y,
Method,interacts-withMetric,Metric,y,
Method,interacts-withMethod,Method,y,
Method,interacts-withTask,Task,y,
Method,interacts-withOtherEntity,OtherEntity,y,
Method,interacts-withMaterial,Material,y,
Task,interacts-withMetric,Metric,y,
Task,interacts-withMethod,Method,y,
Task,interacts-withTask,Task,y,
Task,interacts-withOtherEntity,OtherEntity,y,
Task,interacts-withMaterial,Material,y,
OtherEntity,interacts-withMetric,Metric,y,
OtherEntity,interacts-withMethod,Method,y,
OtherEntity,interacts-withTask,Task,y,
OtherEntity,interacts-withOtherEntity,OtherEntity,y,
OtherEntity,interacts-withMaterial,Material,y,
Material,interacts-withMetric,Metric,y,
Material,interacts-withMethod,Method,y,
Material,interacts-withTask,Task,y,
Material,interacts-withOtherEntity,OtherEntity,y,
Material,interacts-withMaterial,Material,y,
Metric,queriesMetric,Metric,n,
Metric,queriesMethod,Method,n,
Metric,queriesTask,Task,n,
Metric,queriesOtherEntity,OtherEntity,n,
Metric,queriesMaterial,Material,n,
Method,queriesMetric,Metric,n,
Method,queriesMethod,Method,n,
Method,queriesTask,Task,n,
Method,queriesOtherEntity,OtherEntity,y,n
Method,queriesMaterial,Material,y,n
Task,queriesMetric,Metric,n,
Task,queriesMethod,Method,n,
Task,queriesTask,Task,n,
Task,queriesOtherEntity,OtherEntity,y,n
Task,queriesMaterial,Material,y,n
OtherEntity,queriesMetric,Metric,n,
OtherEntity,queriesMethod,Method,n,
OtherEntity,queriesTask,Task,n,
OtherEntity,queriesOtherEntity,OtherEntity,n,
OtherEntity,queriesMaterial,Material,n,
Material,queriesMetric,Metric,n,
Material,queriesMethod,Method,n,
Material,queriesTask,Task,n,
Material,queriesOtherEntity,OtherEntity,n,
Material,queriesMaterial,Material,n,
Metric,guidesMetric,Metric,y,y
Metric,guidesMethod,Method,y,n
Metric,guidesTask,Task,n,
Metric,guidesOtherEntity,OtherEntity,y,n
Metric,guidesMaterial,Material,n,
Method,guidesMetric,Metric,y,n
Method,guidesMethod,Method,y,n
Method,guidesTask,Task,y,
Method,guidesOtherEntity,OtherEntity,y,n
Method,guidesMaterial,Material,n,n
Task,guidesMetric,Metric,y,n
Task,guidesMethod,Method,y,n
Task,guidesTask,Task,y,
Task,guidesOtherEntity,OtherEntity,y,n
Task,guidesMaterial,Material,n,n
OtherEntity,guidesMetric,Metric,y,n
OtherEntity,guidesMethod,Method,y,n
OtherEntity,guidesTask,Task,y,n
OtherEntity,guidesOtherEntity,OtherEntity,y,n
OtherEntity,guidesMaterial,Material,y,n
Material,guidesMetric,Metric,n,
Material,guidesMethod,Method,n,
Material,guidesTask,Task,n,
Material,guidesOtherEntity,OtherEntity,n,
Material,guidesMaterial,Material,n,
Metric,automatesMetric,Metric,n,
Metric,automatesMethod,Method,n,
Metric,automatesTask,Task,n,
Metric,automatesOtherEntity,OtherEntity,n,
Metric,automatesMaterial,Material,n,
Method,automatesMetric,Metric,n,
Method,automatesMethod,Method,y,
Method,automatesTask,Task,y,n
Method,automatesOtherEntity,OtherEntity,y,n
Method,automatesMaterial,Material,n,
Task,automatesMetric,Metric,n,
Task,automatesMethod,Method,y,
Task,automatesTask,Task,n,
Task,automatesOtherEntity,OtherEntity,n,
Task,automatesMaterial,Material,n,
OtherEntity,automatesMetric,Metric,n,
OtherEntity,automatesMethod,Method,n,
OtherEntity,automatesTask,Task,y,n
OtherEntity,automatesOtherEntity,OtherEntity,y,n
OtherEntity,automatesMaterial,Material,n,
Material,automatesMetric,Metric,n,
Material,automatesMethod,Method,n,
Material,automatesTask,Task,n,
Material,automatesOtherEntity,OtherEntity,n,
Material,automatesMaterial,Material,n,
Metric,lacksMetric,Metric,n,
Metric,lacksMethod,Method,y,n
Metric,lacksTask,Task,n,
Metric,lacksOtherEntity,OtherEntity,y,n
Metric,lacksMaterial,Material,y,n
Method,lacksMetric,Metric,y,n
Method,lacksMethod,Method,y,n
Method,lacksTask,Task,y,n
Method,lacksOtherEntity,OtherEntity,y,n
Method,lacksMaterial,Material,y,n
Task,lacksMetric,Metric,y,n
Task,lacksMethod,Method,y,n
Task,lacksTask,Task,y,n
Task,lacksOtherEntity,OtherEntity,y,n
Task,lacksMaterial,Material,y,n
OtherEntity,lacksMetric,Metric,y,n
OtherEntity,lacksMethod,Method,y,n
OtherEntity,lacksTask,Task,n,n
OtherEntity,lacksOtherEntity,OtherEntity,y,n
OtherEntity,lacksMaterial,Material,y,n
Material,lacksMetric,Metric,y,n
Material,lacksMethod,Method,y,n
Material,lacksTask,Task,y,n
Material,lacksOtherEntity,OtherEntity,y,n
Material,lacksMaterial,Material,y,n
Metric,limitsMetric,Metric,y,n
Metric,limitsMethod,Method,n,
Metric,limitsTask,Task,y,n
Metric,limitsOtherEntity,OtherEntity,y,n
Metric,limitsMaterial,Material,n,n
Method,limitsMetric,Metric,y,n
Method,limitsMethod,Method,y,n
Method,limitsTask,Task,y,n
Method,limitsOtherEntity,OtherEntity,y,n
Method,limitsMaterial,Material,y,n
Task,limitsMetric,Metric,n,
Task,limitsMethod,Method,y,n
Task,limitsTask,Task,y,n
Task,limitsOtherEntity,OtherEntity,y,n
Task,limitsMaterial,Material,y,n
OtherEntity,limitsMetric,Metric,y,n
OtherEntity,limitsMethod,Method,y,n
OtherEntity,limitsTask,Task,y,n
OtherEntity,limitsOtherEntity,OtherEntity,y,n
OtherEntity,limitsMaterial,Material,y,n
Material,limitsMetric,Metric,y,n
Material,limitsMethod,Method,y,n
Material,limitsTask,Task,y,n
Material,limitsOtherEntity,OtherEntity,y,n
Material,limitsMaterial,Material,y,n
Metric,affectsMetric,Metric,y,n
Metric,affectsMethod,Method,y,n
Metric,affectsTask,Task,y,n
Metric,affectsOtherEntity,OtherEntity,y,n
Metric,affectsMaterial,Material,n,
Method,affectsMetric,Metric,y,n
Method,affectsMethod,Method,y,n
Method,affectsTask,Task,y,n
Method,affectsOtherEntity,OtherEntity,y,n
Method,affectsMaterial,Material,y,n
Task,affectsMetric,Metric,y,n
Task,affectsMethod,Method,y,n
Task,affectsTask,Task,y,n
Task,affectsOtherEntity,OtherEntity,y,n
Task,affectsMaterial,Material,y,n
OtherEntity,affectsMetric,Metric,y,n
OtherEntity,affectsMethod,Method,y,n
OtherEntity,affectsTask,Task,y,n
OtherEntity,affectsOtherEntity,OtherEntity,y,n
OtherEntity,affectsMaterial,Material,y,n
Material,affectsMetric,Metric,n,
Material,affectsMethod,Method,n,
Material,affectsTask,Task,n,
Material,affectsOtherEntity,OtherEntity,y,n
Material,affectsMaterial,Material,y,n
Metric,processesMetric,Metric,n,
Metric,processesMethod,Method,n,
Metric,processesTask,Task,n,
Metric,processesOtherEntity,OtherEntity,n,
Metric,processesMaterial,Material,n,
Method,processesMetric,Metric,y,
Method,processesMethod,Method,y,
Method,processesTask,Task,y,
Method,processesOtherEntity,OtherEntity,y,n
Method,processesMaterial,Material,y,n
Task,processesMetric,Metric,y,
Task,processesMethod,Method,y,
Task,processesTask,Task,y,n
Task,processesOtherEntity,OtherEntity,y,n
Task,processesMaterial,Material,y,n
OtherEntity,processesMetric,Metric,n,
OtherEntity,processesMethod,Method,n,
OtherEntity,processesTask,Task,y,n
OtherEntity,processesOtherEntity,OtherEntity,y,n
OtherEntity,processesMaterial,Material,y,n
Material,processesMetric,Metric,n,
Material,processesMethod,Method,n,
Material,processesTask,Task,n,
Material,processesOtherEntity,OtherEntity,n,
Material,processesMaterial,Material,n,
Metric,contributes-toMetric,Metric,y,n
Metric,contributes-toMethod,Method,y,n
Metric,contributes-toTask,Task,n,
Metric,contributes-toOtherEntity,OtherEntity,y,n
Metric,contributes-toMaterial,Material,n,
Method,contributes-toMetric,Metric,y,n
Method,contributes-toMethod,Method,y,n
Method,contributes-toTask,Task,y,n
Method,contributes-toOtherEntity,OtherEntity,y,n
Method,contributes-toMaterial,Material,y,
Task,contributes-toMetric,Metric,y,n
Task,contributes-toMethod,Method,y,n
Task,contributes-toTask,Task,y,n
Task,contributes-toOtherEntity,OtherEntity,y,n
Task,contributes-toMaterial,Material,y,
OtherEntity,contributes-toMetric,Metric,y,n
OtherEntity,contributes-toMethod,Method,y,n
OtherEntity,contributes-toTask,Task,y,n
OtherEntity,contributes-toOtherEntity,OtherEntity,y,n
OtherEntity,contributes-toMaterial,Material,y,n
Material,contributes-toMetric,Metric,n,
Material,contributes-toMethod,Method,n,
Material,contributes-toTask,Task,n,
Material,contributes-toOtherEntity,OtherEntity,n,
Material,contributes-toMaterial,Material,n,
Metric,causesMetric,Metric,y,n
Metric,causesMethod,Method,y,n
Metric,causesTask,Task,y,n
Metric,causesOtherEntity,OtherEntity,y,n
Metric,causesMaterial,Material,n,
Method,causesMetric,Metric,y,n
Method,causesMethod,Method,y,n
Method,causesTask,Task,y,n
Method,causesOtherEntity,OtherEntity,y,n
Method,causesMaterial,Material,y,n
Task,causesMetric,Metric,n,
Task,causesMethod,Method,y,n
Task,causesTask,Task,y,n
Task,causesOtherEntity,OtherEntity,y,n
Task,causesMaterial,Material,y,n
OtherEntity,causesMetric,Metric,y,n
OtherEntity,causesMethod,Method,y,n
OtherEntity,causesTask,Task,y,n
OtherEntity,causesOtherEntity,OtherEntity,y,n
OtherEntity,causesMaterial,Material,y,n
Material,causesMetric,Metric,n,
Material,causesMethod,Method,n,
Material,causesTask,Task,n,
Material,causesOtherEntity,OtherEntity,y,n
Material,causesMaterial,Material,y,n
Metric,classifiesMetric,Metric,y,n
Metric,classifiesMethod,Method,y,n
Metric,classifiesTask,Task,y,n
Metric,classifiesOtherEntity,OtherEntity,y,n
Metric,classifiesMaterial,Material,y,n
Method,classifiesMetric,Metric,y,n
Method,classifiesMethod,Method,y,n
Method,classifiesTask,Task,y,n
Method,classifiesOtherEntity,OtherEntity,y,n
Method,classifiesMaterial,Material,y,n
Task,classifiesMetric,Metric,n,
Task,classifiesMethod,Method,y,
Task,classifiesTask,Task,y,
Task,classifiesOtherEntity,OtherEntity,n,
Task,classifiesMaterial,Material,y,
OtherEntity,classifiesMetric,Metric,y,n
OtherEntity,classifiesMethod,Method,y,n
OtherEntity,classifiesTask,Task,y,n
OtherEntity,classifiesOtherEntity,OtherEntity,y,n
OtherEntity,classifiesMaterial,Material,y,n
Material,classifiesMetric,Metric,n,
Material,classifiesMethod,Method,n,
Material,classifiesTask,Task,n,
Material,classifiesOtherEntity,OtherEntity,n,
Material,classifiesMaterial,Material,n,
Metric,annotatesMetric,Metric,n,
Metric,annotatesMethod,Method,n,
Metric,annotatesTask,Task,n,
Metric,annotatesOtherEntity,OtherEntity,n,
Metric,annotatesMaterial,Material,y,n
Method,annotatesMetric,Metric,n,
Method,annotatesMethod,Method,y,
Method,annotatesTask,Task,y,n
Method,annotatesOtherEntity,OtherEntity,y,n
Method,annotatesMaterial,Material,y,n
Task,annotatesMetric,Metric,n,
Task,annotatesMethod,Method,y,
Task,annotatesTask,Task,y,
Task,annotatesOtherEntity,OtherEntity,n,
Task,annotatesMaterial,Material,y,
OtherEntity,annotatesMetric,Metric,n,
OtherEntity,annotatesMethod,Method,n,
OtherEntity,annotatesTask,Task,n,
OtherEntity,annotatesOtherEntity,OtherEntity,y,n
OtherEntity,annotatesMaterial,Material,y,n
Material,annotatesMetric,Metric,n,
Material,annotatesMethod,Method,n,
Material,annotatesTask,Task,n,
Material,annotatesOtherEntity,OtherEntity,n,
Material,annotatesMaterial,Material,n,
Metric,visualizesMetric,Metric,n,n
Metric,visualizesMethod,Method,n,n
Metric,visualizesTask,Task,n,n
Metric,visualizesOtherEntity,OtherEntity,y,n
Metric,visualizesMaterial,Material,n,n
Method,visualizesMetric,Metric,n,n
Method,visualizesMethod,Method,y,n
Method,visualizesTask,Task,n,n
Method,visualizesOtherEntity,OtherEntity,y,n
Method,visualizesMaterial,Material,y,n
Task,visualizesMetric,Metric,n,n
Task,visualizesMethod,Method,y,n
Task,visualizesTask,Task,n,n
Task,visualizesOtherEntity,OtherEntity,n,n
Task,visualizesMaterial,Material,n,n
OtherEntity,visualizesMetric,Metric,y,n
OtherEntity,visualizesMethod,Method,y,n
OtherEntity,visualizesTask,Task,y,n
OtherEntity,visualizesOtherEntity,OtherEntity,y,n
OtherEntity,visualizesMaterial,Material,y,n
Material,visualizesMetric,Metric,n,n
Material,visualizesMethod,Method,y,n
Material,visualizesTask,Task,n,n
Material,visualizesOtherEntity,OtherEntity,y,n
Material,visualizesMaterial,Material,y,n
Metric,predictsMetric,Metric,n,n
Metric,predictsMethod,Method,n,n
Metric,predictsTask,Task,n,n
Metric,predictsOtherEntity,OtherEntity,n,n
Metric,predictsMaterial,Material,n,n
Method,predictsMetric,Metric,y,n
Method,predictsMethod,Method,y,n
Method,predictsTask,Task,y,n
Method,predictsOtherEntity,OtherEntity,y,n
Method,predictsMaterial,Material,y,n
Task,predictsMetric,Metric,y,n
Task,predictsMethod,Method,y,n
Task,predictsTask,Task,y,n
Task,predictsOtherEntity,OtherEntity,y,n
Task,predictsMaterial,Material,y,n
OtherEntity,predictsMetric,Metric,n,n
OtherEntity,predictsMethod,Method,y,n
OtherEntity,predictsTask,Task,y,n
OtherEntity,predictsOtherEntity,OtherEntity,y,n
OtherEntity,predictsMaterial,Material,y,n
Material,predictsMetric,Metric,n,n
Material,predictsMethod,Method,y,n
Material,predictsTask,Task,y,n
Material,predictsOtherEntity,OtherEntity,y,n
Material,predictsMaterial,Material,y,n
Metric,standardizesMetric,Metric,y,n
Metric,standardizesMethod,Method,y,n
Metric,standardizesTask,Task,y,n
Metric,standardizesOtherEntity,OtherEntity,y,n
Metric,standardizesMaterial,Material,y,n
Method,standardizesMetric,Metric,y,n
Method,standardizesMethod,Method,y,n
Method,standardizesTask,Task,y,n
Method,standardizesOtherEntity,OtherEntity,y,n
Method,standardizesMaterial,Material,y,n
Task,standardizesMetric,Metric,y,n
Task,standardizesMethod,Method,y,n
Task,standardizesTask,Task,y,n
Task,standardizesOtherEntity,OtherEntity,y,n
Task,standardizesMaterial,Material,y,n
OtherEntity,standardizesMetric,Metric,y,n
OtherEntity,standardizesMethod,Method,y,n
OtherEntity,standardizesTask,Task,y,n
OtherEntity,standardizesOtherEntity,OtherEntity,y,n
OtherEntity,standardizesMaterial,Material,y,n
Material,standardizesMetric,Metric,y,n
Material,standardizesMethod,Method,y,n
Material,standardizesTask,Task,y,n
Material,standardizesOtherEntity,OtherEntity,y,n
Material,standardizesMaterial,Material,y,n
Metric,learnsMetric,Metric,n,n
Metric,learnsMethod,Method,n,n
Metric,learnsTask,Task,n,n
Metric,learnsOtherEntity,OtherEntity,n,n
Metric,learnsMaterial,Material,n,n
Method,learnsMetric,Metric,n,n
Method,learnsMethod,Method,y,n
Method,learnsTask,Task,y,n
Method,learnsOtherEntity,OtherEntity,y,n
Method,learnsMaterial,Material,y,n
Task,learnsMetric,Metric,n,n
Task,learnsMethod,Method,y,n
Task,learnsTask,Task,y,n
Task,learnsOtherEntity,OtherEntity,y,n
Task,learnsMaterial,Material,y,n
OtherEntity,learnsMetric,Metric,n,n
OtherEntity,learnsMethod,Method,y,n
OtherEntity,learnsTask,Task,y,n
OtherEntity,learnsOtherEntity,OtherEntity,y,n
OtherEntity,learnsMaterial,Material,y,n
Material,learnsMetric,Metric,n,n
Material,learnsMethod,Method,y,n
Material,learnsTask,Task,y,n
Material,learnsOtherEntity,OtherEntity,y,n
Material,learnsMaterial,Material,y,n
Metric,executesMetric,Metric,n,y
Metric,executesMethod,Method,y,y
Metric,executesTask,Task,n,y
Metric,executesOtherEntity,OtherEntity,y,y
Metric,executesMaterial,Material,n,y
Method,executesMetric,Metric,n,y
Method,executesMethod,Method,y,y
Method,executesTask,Task,y,y
Method,executesOtherEntity,OtherEntity,y,y
Method,executesMaterial,Material,y,y
Task,executesMetric,Metric,n,y
Task,executesMethod,Method,y,n
Task,executesTask,Task,y,y
Task,executesOtherEntity,OtherEntity,y,y
Task,executesMaterial,Material,y,y
OtherEntity,executesMetric,Metric,n,y
OtherEntity,executesMethod,Method,y,y
OtherEntity,executesTask,Task,n,n
OtherEntity,executesOtherEntity,OtherEntity,y,y
OtherEntity,executesMaterial,Material,y,y
Material,executesMetric,Metric,n,y
Material,executesMethod,Method,n,
Material,executesTask,Task,n,
Material,executesOtherEntity,OtherEntity,n,
Material,executesMaterial,Material,n,
Metric,outperformsMetric,Metric,y,y
Metric,outperformsMethod,Method,y,y
Metric,outperformsTask,Task,n,y
Metric,outperformsOtherEntity,OtherEntity,y,y
Metric,outperformsMaterial,Material,y,y
Method,outperformsMetric,Metric,n,y
Method,outperformsMethod,Method,y,y
Method,outperformsTask,Task,y,y
Method,outperformsOtherEntity,OtherEntity,y,y
Method,outperformsMaterial,Material,y,y
Task,outperformsMetric,Metric,n,y
Task,outperformsMethod,Method,y,y
Task,outperformsTask,Task,y,y
Task,outperformsOtherEntity,OtherEntity,y,y
Task,outperformsMaterial,Material,n,y
OtherEntity,outperformsMetric,Metric,n,y
OtherEntity,outperformsMethod,Method,y,y
OtherEntity,outperformsTask,Task,n,y
OtherEntity,outperformsOtherEntity,OtherEntity,y,y
OtherEntity,outperformsMaterial,Material,y,y
Material,outperformsMetric,Metric,n,y
Material,outperformsMethod,Method,y,y
Material,outperformsTask,Task,n,y
Material,outperformsOtherEntity,OtherEntity,y,y
Material,outperformsMaterial,Material,y,y
Metric,extractsMetric,Metric,n,y
Metric,extractsMethod,Method,n,y
Metric,extractsTask,Task,n,y
Metric,extractsOtherEntity,OtherEntity,n,y
Metric,extractsMaterial,Material,n,y
Method,extractsMetric,Metric,y,y
Method,extractsMethod,Method,y,y
Method,extractsTask,Task,y,y
Method,extractsOtherEntity,OtherEntity,y,y
Method,extractsMaterial,Material,y,y
Task,extractsMetric,Metric,y,y
Task,extractsMethod,Method,y,y
Task,extractsTask,Task,y,y
Task,extractsOtherEntity,OtherEntity,y,y
Task,extractsMaterial,Material,y,y
OtherEntity,extractsMetric,Metric,y,y
OtherEntity,extractsMethod,Method,y,y
OtherEntity,extractsTask,Task,n,n
OtherEntity,extractsOtherEntity,OtherEntity,y,y
OtherEntity,extractsMaterial,Material,y,y
Material,extractsMetric,Metric,y,y
Material,extractsMethod,Method,y,y
Material,extractsTask,Task,y,y
Material,extractsOtherEntity,OtherEntity,y,y
Material,extractsMaterial,Material,y,y
Metric,highlightsMetric,Metric,y,n
Metric,highlightsMethod,Method,y,n
Metric,highlightsTask,Task,n,n
Metric,highlightsOtherEntity,OtherEntity,y,n
Metric,highlightsMaterial,Material,y,n
Method,highlightsMetric,Metric,y,n
Method,highlightsMethod,Method,y,n
Method,highlightsTask,Task,y,n
Method,highlightsOtherEntity,OtherEntity,y,n
Method,highlightsMaterial,Material,y,n
Task,highlightsMetric,Metric,y,n
Task,highlightsMethod,Method,y,n
Task,highlightsTask,Task,y,n
Task,highlightsOtherEntity,OtherEntity,y,n
Task,highlightsMaterial,Material,y,n
OtherEntity,highlightsMetric,Metric,y,n
OtherEntity,highlightsMethod,Method,y,n
OtherEntity,highlightsTask,Task,y,n
OtherEntity,highlightsOtherEntity,OtherEntity,y,n
OtherEntity,highlightsMaterial,Material,y,n
Material,highlightsMetric,Metric,y,n
Material,highlightsMethod,Method,y,n
Material,highlightsTask,Task,y,n
Material,highlightsOtherEntity,OtherEntity,y,n
Material,highlightsMaterial,Material,y,n
Metric,transfersMetric,Metric,n,n
Metric,transfersMethod,Method,y,n
Metric,transfersTask,Task,n,n
Metric,transfersOtherEntity,OtherEntity,y,n
Metric,transfersMaterial,Material,y,n
Method,transfersMetric,Metric,n,n
Method,transfersMethod,Method,y,n
Method,transfersTask,Task,y,n
Method,transfersOtherEntity,OtherEntity,y,n
Method,transfersMaterial,Material,y,n
Task,transfersMetric,Metric,y,n
Task,transfersMethod,Method,y,n
Task,transfersTask,Task,y,n
Task,transfersOtherEntity,OtherEntity,y,n
Task,transfersMaterial,Material,y,n
OtherEntity,transfersMetric,Metric,y,n
OtherEntity,transfersMethod,Method,y,n
OtherEntity,transfersTask,Task,y,n
OtherEntity,transfersOtherEntity,OtherEntity,y,n
OtherEntity,transfersMaterial,Material,y,n
Material,transfersMetric,Metric,y,n
Material,transfersMethod,Method,y,n
Material,transfersTask,Task,y,n
Material,transfersOtherEntity,OtherEntity,y,n
Material,transfersMaterial,Material,y,n
Metric,solvesMetric,Metric,y,n
Metric,solvesMethod,Method,y,n
Metric,solvesTask,Task,y,n
Metric,solvesOtherEntity,OtherEntity,y,n
Metric,solvesMaterial,Material,y,n
Method,solvesMetric,Metric,y,n
Method,solvesMethod,Method,y,n
Method,solvesTask,Task,y,n
Method,solvesOtherEntity,OtherEntity,y,n
Method,solvesMaterial,Material,y,n
Task,solvesMetric,Metric,y,n
Task,solvesMethod,Method,y,n
Task,solvesTask,Task,y,n
Task,solvesOtherEntity,OtherEntity,y,n
Task,solvesMaterial,Material,y,n
OtherEntity,solvesMetric,Metric,y,n
OtherEntity,solvesMethod,Method,y,n
OtherEntity,solvesTask,Task,y,n
OtherEntity,solvesOtherEntity,OtherEntity,y,n
OtherEntity,solvesMaterial,Material,y,n
Material,solvesMetric,Metric,y,n
Material,solvesMethod,Method,y,n
Material,solvesTask,Task,y,n
Material,solvesOtherEntity,OtherEntity,y,n
Material,solvesMaterial,Material,y,n
Metric,discussesMetric,Metric,n,
Metric,discussesMethod,Method,n,
Metric,discussesTask,Task,n,
Metric,discussesOtherEntity,OtherEntity,n,
Metric,discussesMaterial,Material,n,
Method,discussesMetric,Metric,n,
Method,discussesMethod,Method,y,
Method,discussesTask,Task,n,
Method,discussesOtherEntity,OtherEntity,n,
Method,discussesMaterial,Material,n,
Task,discussesMetric,Metric,y,n
Task,discussesMethod,Method,y,n
Task,discussesTask,Task,y,n
Task,discussesOtherEntity,OtherEntity,y,n
Task,discussesMaterial,Material,y,n
OtherEntity,discussesMetric,Metric,n,
OtherEntity,discussesMethod,Method,n,
OtherEntity,discussesTask,Task,n,
OtherEntity,discussesOtherEntity,OtherEntity,n,
OtherEntity,discussesMaterial,Material,n,
Material,discussesMetric,Metric,n,
Material,discussesMethod,Method,n,
Material,discussesTask,Task,n,
Material,discussesOtherEntity,OtherEntity,n,
Material,discussesMaterial,Material,n,